{"AABB":{"min":[-0.3718230128288269,-0.01192000042647123,-0.4160610139369965],"range":[0.8151410222053528,0.6426129937171936,0.4283710122108459]},"LOD":[{"bits":{"normal":8,"texture":0,"vertex":11},"faces":16495,"utfIndexBuffer":49485,"vertices":8253}],"data":"hand.utf8","size":119}