{"AABB":{"min":[-28.16694450378418,-38.75946044921875,-34.64578247070312],"range":[56.29552459716797,78.64212799072266,57.36156845092773]},"LOD":[{"bits":{"normal":8,"texture":0,"vertex":11},"faces":108072,"utfIndexBuffer":324218,"vertices":80584}],"data":"walt.png","indexCoding":"highwater","indexCompression":"pairedtris","max_step":3,"size":617}