{"AABB":{"min":[-0.1093619987368584,-0.006434999871999025,-0.2687509953975677],"range":[0.3053179979324341,0.7071920037269592,0.5216580033302307]},"LOD":[{"bits":{"normal":8,"texture":0,"vertex":11},"faces":53883,"utfIndexBuffer":161649,"vertices":35036}],"data":"ben.png","indexCoding":"highwater","indexCompression":"pairedtris","max_step":3,"size":369}