{
  "AABB": {
    "min": [
      -63.08654022216797,
      -0.707988977432251,
      -31.05078315734863
    ],
    "range": [
      90.94681549072266,
      32.66152572631836,
      97.42430114746094
    ]
  },
  "LOD": [
    {
      "bits": {
        "normal": 8,
        "texture": 11,
        "vertex": 11
      },
      "faces": 1242568,
      "utfIndexBuffer": 5450874,
      "vertices": 574442
    }
  ],
  "data": "pm01.utf8",
  "size": 15754,
  "material" : {
    "diffuse_texture": "PM01-m.jpg"
  }
}