{
    "AABB": {
        "min": [-12.73794555664062, -11.48783683776855, -15.5082836151123],
        "range": [22.7424144744873, 30.1650562286377, 22.36987686157227]
    },
    "LOD": [{
        "bits": {
            "normal": 8,
            "texture": 11,
            "vertex": 11
        },
        "faces": 47266,
        "utfIndexBuffer": 141798,
        "vertices": 23679
    }],
    "data": "emily.utf8",
    "size": 374,
    "material" : {
    	"diffuse_texture": "emily_diffuse.jpg"
    }
}