{"AABB":{"min":[-0.2220540046691895,-0.4459449946880341,-0.1868070065975189],"range":[0.4106689989566803,1.0,0.4111530184745789]},"LOD":[{"bits":{"normal":8,"texture":0,"vertex":8},"faces":1087474,"utfIndexBuffer":3368561,"vertices":238156}],"data":"buddha8.utf8","size":5125}