{"AABB":{"min":[-0.2220540046691895,-0.4459449946880341,-0.1868070065975189],"range":[0.4106689989566803,1.0,0.4111530184745789]},"LOD":[{"bits":{"normal":8,"texture":0,"vertex":{"x":10,"y":11,"z":10}},"faces":704521,"utfIndexBuffer":2113564,"vertexQuantization":"perVertex","vertices":475746}],"data":"buddha.b128","indexCoding":"highwater","indexCompression":"pairedtris","max_step":3,"numbytes":4807673,"size":4807}