{"AABB":{"min":[-0.09469000250101089,0.03298699855804443,-0.06187399849295616],"range":[0.1556989997625351,0.1543340086936951,0.1206739991903305]},"LOD":[{"bits":{"normal":8,"texture":0,"vertex":11},"faces":69451,"utfIndexBuffer":208353,"vertices":34834}],"data":"bunny.utf8","size":603}