{"AABB":{"min":[-0.09469000250101089,0.03298699855804443,-0.06187399849295616],"range":[0.1556989997625351,0.1543340086936951,0.1206739991903305]},"LOD":[{"bits":{"normal":8,"texture":0,"vertex":11},"faces":50636,"utfIndexBuffer":151909,"vertices":34834}],"data":"bunny.png","indexCoding":"highwater","indexCompression":"pairedtris","max_step":3,"size":352}